{"v":1,"id":"bridalveil-fall","route":"out-and-back","source":{"geometry":"USGS National Map transportation data (NPS source); public domain","elevation":"USGS 3DEP via AWS Open Data terrain tiles"},"verified":{"distance":"match","gain":"match"},"lineMi":0.19,"fullMi":0.38,"line":[[-119.65076,37.71669],[-119.65077,37.71648],[-119.65058,37.71643],[-119.65033,37.7165],[-119.65013,37.7164],[-119.65,37.71646],[-119.64985,37.71643],[-119.64985,37.71656],[-119.64952,37.7169],[-119.64956,37.71712],[-119.64922,37.71754],[-119.6487,37.71755]],"profile":[[0,3958],[0.015,3958],[0.029,3959],[0.044,3961],[0.058,3961],[0.073,3963],[0.087,3966],[0.102,3967],[0.116,3968],[0.131,3969],[0.146,3971],[0.16,3975],[0.175,3977],[0.189,3980]],"stats":{"gainFt":22,"lossFt":22,"minFt":3958,"maxFt":3980,"trailheadFt":3958,"maxGradePct":2,"highPointMi":0.19}}