{"v":1,"id":"cooks-meadow","route":"loop","source":{"geometry":"USGS National Map transportation data (NPS source); public domain","elevation":"USGS 3DEP via AWS Open Data terrain tiles"},"verified":{"distance":"match","gain":"match"},"lineMi":0.96,"fullMi":0.96,"line":[[-119.58957,37.7435],[-119.58971,37.74378],[-119.58988,37.74378],[-119.59001,37.74398],[-119.58991,37.74418],[-119.5896,37.7443],[-119.58944,37.74462],[-119.58939,37.74573],[-119.5898,37.74645],[-119.59061,37.74626],[-119.59183,37.74617],[-119.59242,37.74595],[-119.59364,37.74537],[-119.5938,37.74579],[-119.59412,37.74614],[-119.59442,37.74619],[-119.59412,37.74614],[-119.5938,37.74579],[-119.59361,37.74529],[-119.5938,37.7449],[-119.59377,37.74469],[-119.59306,37.74413],[-119.59265,37.74398],[-119.59188,37.74396],[-119.59116,37.74407],[-119.59012,37.74412],[-119.58999,37.74408],[-119.59,37.74393],[-119.5899,37.7438],[-119.58971,37.74378],[-119.58957,37.7435]],"profile":[[0,3964],[0.015,3964],[0.031,3964],[0.046,3964],[0.062,3964],[0.077,3964],[0.092,3964],[0.108,3964],[0.123,3964],[0.139,3964],[0.154,3964],[0.17,3965],[0.185,3966],[0.2,3967],[0.216,3968],[0.231,3969],[0.247,3969],[0.262,3968],[0.277,3968],[0.293,3967],[0.308,3966],[0.324,3966],[0.339,3966],[0.355,3966],[0.37,3966],[0.385,3967],[0.401,3967],[0.416,3967],[0.432,3967],[0.447,3967],[0.462,3966],[0.478,3965],[0.493,3965],[0.509,3964],[0.524,3964],[0.54,3964],[0.555,3964],[0.57,3964],[0.586,3964],[0.601,3965],[0.617,3965],[0.632,3965],[0.647,3964],[0.663,3963],[0.678,3962],[0.694,3961],[0.709,3960],[0.725,3960],[0.74,3959],[0.755,3959],[0.771,3959],[0.786,3960],[0.802,3960],[0.817,3961],[0.832,3961],[0.848,3962],[0.863,3962],[0.879,3962],[0.894,3963],[0.909,3963],[0.925,3964],[0.94,3964],[0.956,3964]],"stats":{"gainFt":5,"lossFt":0,"minFt":3959,"maxFt":3969,"trailheadFt":3964,"maxGradePct":0,"highPointMi":0.25}}