{"v":1,"id":"lower-yosemite-fall","route":"loop","source":{"geometry":"USGS National Map transportation data (NPS source); public domain","elevation":"USGS 3DEP via AWS Open Data terrain tiles"},"verified":{"distance":"match","gain":"match"},"lineMi":1.03,"fullMi":1.03,"line":[[-119.59656,37.74658],[-119.59646,37.74657],[-119.59633,37.74638],[-119.59605,37.74637],[-119.59586,37.7463],[-119.59564,37.74603],[-119.59514,37.74627],[-119.59412,37.74614],[-119.59372,37.74633],[-119.59343,37.74636],[-119.59308,37.74652],[-119.59295,37.74686],[-119.59271,37.7471],[-119.59273,37.74731],[-119.593,37.74757],[-119.5927,37.7481],[-119.59269,37.74823],[-119.59311,37.74892],[-119.59317,37.7492],[-119.59334,37.74932],[-119.5931,37.74959],[-119.59315,37.75025],[-119.59347,37.75023],[-119.59353,37.75032],[-119.59386,37.75037],[-119.59395,37.75051],[-119.59444,37.75057],[-119.59466,37.75007],[-119.59493,37.75004],[-119.59507,37.75034],[-119.59527,37.75034],[-119.59554,37.75004],[-119.59603,37.74971],[-119.59581,37.74922],[-119.59609,37.74904],[-119.5964,37.74833],[-119.59636,37.74818],[-119.59648,37.74798],[-119.59626,37.74656],[-119.59617,37.74638],[-119.59633,37.74638],[-119.59646,37.74657],[-119.59656,37.74658]],"profile":[[0,3983],[0.015,3979],[0.031,3977],[0.046,3972],[0.061,3968],[0.077,3966],[0.092,3965],[0.107,3965],[0.122,3965],[0.138,3965],[0.153,3965],[0.168,3964],[0.184,3964],[0.199,3964],[0.214,3964],[0.23,3964],[0.245,3965],[0.26,3965],[0.276,3965],[0.291,3965],[0.306,3965],[0.322,3966],[0.337,3967],[0.352,3969],[0.367,3971],[0.383,3975],[0.398,3979],[0.413,3982],[0.429,3986],[0.444,3989],[0.459,3992],[0.475,3995],[0.49,3997],[0.505,3999],[0.521,4002],[0.536,4006],[0.551,4011],[0.567,4018],[0.582,4022],[0.597,4021],[0.612,4019],[0.628,4017],[0.643,4017],[0.658,4020],[0.674,4022],[0.689,4023],[0.704,4022],[0.72,4016],[0.735,4008],[0.75,4003],[0.766,4000],[0.781,3998],[0.796,3996],[0.812,3996],[0.827,3998],[0.842,3998],[0.857,3997],[0.873,3997],[0.888,3995],[0.903,3994],[0.919,3992],[0.934,3989],[0.949,3986],[0.965,3983],[0.98,3981],[0.995,3982],[1.011,3982],[1.026,3983]],"stats":{"gainFt":59,"lossFt":60,"minFt":3964,"maxFt":4023,"trailheadFt":3983,"maxGradePct":4,"highPointMi":0.69}}