{"v":1,"id":"lukens-lake","route":"out-and-back","source":{"geometry":"USGS National Map transportation data (NPS source); public domain","elevation":"USGS 3DEP via AWS Open Data terrain tiles"},"verified":{"distance":"match","gain":"match"},"lineMi":0.88,"fullMi":1.76,"line":[[-119.61519,37.8505],[-119.61542,37.85085],[-119.61535,37.85103],[-119.61539,37.8513],[-119.61512,37.8515],[-119.61483,37.8515],[-119.61427,37.85197],[-119.6136,37.85236],[-119.61337,37.85286],[-119.61302,37.85315],[-119.6127,37.85375],[-119.61157,37.85535],[-119.61152,37.85554],[-119.61127,37.85582],[-119.6112,37.85621],[-119.61152,37.85708],[-119.61137,37.85759],[-119.61146,37.85768],[-119.61199,37.85771],[-119.61251,37.85782],[-119.61282,37.85778],[-119.61342,37.85788],[-119.61397,37.85784],[-119.61412,37.85803],[-119.61454,37.85822],[-119.61538,37.85838],[-119.61553,37.85868],[-119.61586,37.85878]],"profile":[[0,8192],[0.015,8194],[0.031,8196],[0.046,8202],[0.062,8208],[0.077,8216],[0.093,8225],[0.108,8235],[0.123,8246],[0.139,8257],[0.154,8269],[0.17,8280],[0.185,8291],[0.2,8302],[0.216,8312],[0.231,8320],[0.247,8329],[0.262,8336],[0.278,8342],[0.293,8345],[0.308,8347],[0.324,8347],[0.339,8347],[0.355,8347],[0.37,8348],[0.385,8347],[0.401,8346],[0.416,8343],[0.432,8338],[0.447,8332],[0.463,8324],[0.478,8317],[0.493,8309],[0.509,8302],[0.524,8294],[0.54,8285],[0.555,8273],[0.571,8262],[0.586,8252],[0.601,8244],[0.617,8239],[0.632,8237],[0.648,8236],[0.663,8237],[0.678,8237],[0.694,8238],[0.709,8241],[0.725,8241],[0.74,8242],[0.756,8242],[0.771,8242],[0.786,8241],[0.802,8241],[0.817,8241],[0.833,8240],[0.848,8239],[0.863,8238],[0.879,8237]],"stats":{"gainFt":267,"lossFt":267,"minFt":8192,"maxFt":8348,"trailheadFt":8192,"maxGradePct":11,"highPointMi":0.37}}