{"v":1,"id":"may-lake","route":"out-and-back","source":{"geometry":"USGS National Map transportation data (NPS source); public domain","elevation":"USGS 3DEP via AWS Open Data terrain tiles"},"verified":{"distance":"match","gain":"match"},"lineMi":1.24,"fullMi":2.48,"line":[[-119.49108,37.83253],[-119.49118,37.83292],[-119.49111,37.833],[-119.49106,37.8336],[-119.49105,37.83451],[-119.4913,37.83524],[-119.49119,37.83537],[-119.4912,37.83567],[-119.49093,37.83624],[-119.49094,37.83684],[-119.49078,37.8374],[-119.4903,37.83791],[-119.49019,37.83827],[-119.49027,37.83849],[-119.49023,37.83891],[-119.49047,37.83944],[-119.49032,37.83978],[-119.48992,37.83996],[-119.48976,37.84024],[-119.48951,37.84049],[-119.48913,37.8415],[-119.48931,37.84169],[-119.4894,37.84225],[-119.48967,37.84267],[-119.49001,37.84236],[-119.49043,37.84215],[-119.4906,37.84168],[-119.49076,37.84168],[-119.4908,37.84209],[-119.49088,37.8421],[-119.49145,37.84195],[-119.49174,37.84177],[-119.49171,37.84196],[-119.49156,37.8421],[-119.49149,37.8425],[-119.4913,37.84281],[-119.49104,37.84416],[-119.49116,37.84431],[-119.49136,37.84492],[-119.49154,37.84496],[-119.49191,37.84478],[-119.49235,37.84468]],"profile":[[0,8856],[0.015,8857],[0.031,8858],[0.046,8859],[0.062,8862],[0.077,8865],[0.093,8869],[0.108,8874],[0.124,8882],[0.139,8889],[0.155,8896],[0.17,8904],[0.186,8910],[0.201,8916],[0.217,8921],[0.232,8926],[0.248,8930],[0.263,8932],[0.279,8933],[0.294,8935],[0.31,8936],[0.325,8939],[0.34,8944],[0.356,8950],[0.371,8956],[0.387,8963],[0.402,8969],[0.418,8977],[0.433,8985],[0.449,8994],[0.464,9003],[0.48,9015],[0.495,9027],[0.511,9040],[0.526,9052],[0.542,9064],[0.557,9075],[0.573,9083],[0.588,9090],[0.604,9096],[0.619,9100],[0.635,9103],[0.65,9107],[0.665,9111],[0.681,9115],[0.696,9118],[0.712,9124],[0.727,9131],[0.743,9138],[0.758,9145],[0.774,9155],[0.789,9165],[0.805,9171],[0.82,9176],[0.836,9183],[0.851,9190],[0.867,9199],[0.882,9213],[0.898,9230],[0.913,9247],[0.929,9263],[0.944,9272],[0.96,9281],[0.975,9288],[0.99,9297],[1.006,9303],[1.021,9311],[1.037,9317],[1.052,9322],[1.068,9325],[1.083,9328],[1.099,9332],[1.114,9337],[1.13,9340],[1.145,9342],[1.161,9341],[1.176,9340],[1.192,9337],[1.207,9335],[1.223,9334],[1.238,9334]],"stats":{"gainFt":485,"lossFt":485,"minFt":8856,"maxFt":9342,"trailheadFt":8856,"maxGradePct":12,"highPointMi":1.15}}