{"v":1,"id":"mcgurk-meadow","route":"out-and-back","source":{"geometry":"USGS National Map transportation data (NPS source); public domain","elevation":"USGS 3DEP via AWS Open Data terrain tiles"},"verified":{"distance":"match","gain":"match"},"lineMi":0.71,"fullMi":1.42,"line":[[-119.6281,37.67048],[-119.62798,37.6707],[-119.62767,37.67094],[-119.62753,37.67116],[-119.627,37.67145],[-119.62683,37.67173],[-119.62675,37.67279],[-119.62635,37.67305],[-119.62625,37.67328],[-119.62536,37.67405],[-119.62482,37.67471],[-119.6246,37.67483],[-119.62448,37.67498],[-119.62432,37.67568],[-119.62435,37.67594],[-119.62428,37.67623],[-119.62405,37.6765],[-119.62352,37.67755],[-119.62345,37.67785],[-119.62356,37.67813],[-119.62295,37.67904],[-119.62301,37.6793]],"profile":[[0,7037],[0.015,7032],[0.031,7027],[0.046,7018],[0.062,7011],[0.077,7004],[0.093,7000],[0.108,6997],[0.123,6997],[0.139,6997],[0.154,7000],[0.17,7004],[0.185,7009],[0.2,7016],[0.216,7023],[0.231,7030],[0.247,7035],[0.262,7038],[0.278,7040],[0.293,7040],[0.308,7040],[0.324,7038],[0.339,7036],[0.355,7030],[0.37,7023],[0.385,7015],[0.401,7006],[0.416,6995],[0.432,6985],[0.447,6975],[0.463,6964],[0.478,6953],[0.493,6943],[0.509,6934],[0.524,6926],[0.54,6917],[0.555,6909],[0.57,6903],[0.586,6894],[0.601,6887],[0.617,6882],[0.632,6878],[0.648,6876],[0.663,6875],[0.678,6875],[0.694,6875],[0.709,6875]],"stats":{"gainFt":249,"lossFt":249,"minFt":6875,"maxFt":7040,"trailheadFt":7037,"maxGradePct":11,"highPointMi":0.29}}