{"v":1,"id":"mirror-lake","route":"out-and-back","source":{"geometry":"USGS National Map transportation data (NPS source); public domain","elevation":"USGS 3DEP via AWS Open Data terrain tiles"},"verified":{"distance":"match","gain":"match"},"lineMi":0.93,"fullMi":1.87,"line":[[-119.55998,37.73938],[-119.56023,37.7394],[-119.55995,37.73954],[-119.55981,37.73982],[-119.55973,37.73978],[-119.55921,37.74052],[-119.55913,37.74076],[-119.55871,37.74109],[-119.55853,37.74141],[-119.55817,37.74164],[-119.55829,37.74174],[-119.55821,37.74182],[-119.55746,37.74224],[-119.55703,37.74263],[-119.5566,37.74341],[-119.55629,37.74358],[-119.55568,37.74365],[-119.55524,37.74392],[-119.55472,37.74442],[-119.55435,37.74448],[-119.55377,37.74469],[-119.5535,37.74468],[-119.5529,37.74492],[-119.55278,37.74502],[-119.55272,37.74534],[-119.55225,37.74598],[-119.55167,37.74644],[-119.55146,37.74699],[-119.55106,37.74739],[-119.55054,37.74829],[-119.55036,37.74832],[-119.55001,37.74823],[-119.54976,37.74832]],"profile":[[0,4002],[0.015,4001],[0.031,4001],[0.046,4001],[0.061,4001],[0.077,4001],[0.092,4001],[0.107,4002],[0.122,4002],[0.138,4003],[0.153,4003],[0.168,4002],[0.184,4002],[0.199,4000],[0.214,3999],[0.23,3997],[0.245,3996],[0.26,3996],[0.276,3997],[0.291,3998],[0.306,3999],[0.322,4000],[0.337,4001],[0.352,4002],[0.367,4003],[0.383,4004],[0.398,4006],[0.413,4009],[0.429,4012],[0.444,4017],[0.459,4023],[0.475,4028],[0.49,4032],[0.505,4036],[0.521,4038],[0.536,4042],[0.551,4045],[0.567,4049],[0.582,4053],[0.597,4058],[0.612,4063],[0.628,4068],[0.643,4076],[0.658,4085],[0.674,4095],[0.689,4102],[0.704,4108],[0.72,4111],[0.735,4113],[0.75,4115],[0.766,4117],[0.781,4118],[0.796,4115],[0.811,4111],[0.827,4106],[0.842,4100],[0.857,4096],[0.873,4095],[0.888,4093],[0.903,4092],[0.919,4091],[0.934,4090]],"stats":{"gainFt":144,"lossFt":144,"minFt":3996,"maxFt":4118,"trailheadFt":4002,"maxGradePct":7,"highPointMi":0.78}}