{"v":1,"id":"mono-meadow","route":"out-and-back","source":{"geometry":"OpenStreetMap trail data via Overture Maps (© OpenStreetMap contributors, ODbL)","elevation":"USGS 3DEP via AWS Open Data terrain tiles"},"verified":{"distance":"match","gain":"match"},"lineMi":1.5,"fullMi":2.99,"line":[[-119.58512,37.67134],[-119.58453,37.67163],[-119.58446,37.673],[-119.58484,37.6741],[-119.58517,37.67466],[-119.58538,37.67529],[-119.58538,37.6755],[-119.58483,37.67631],[-119.58346,37.67723],[-119.58288,37.67723],[-119.58241,37.67734],[-119.582,37.67714],[-119.5815,37.67714],[-119.5811,37.67663],[-119.58068,37.67642],[-119.58044,37.67595],[-119.58026,37.67576],[-119.57994,37.67559],[-119.57884,37.67531],[-119.57838,37.67535],[-119.57778,37.67548],[-119.57459,37.67549],[-119.57379,37.67571],[-119.57336,37.67592],[-119.57283,37.67604],[-119.57106,37.67599],[-119.57072,37.67602],[-119.56995,37.67623],[-119.56935,37.67652],[-119.56886,37.67666],[-119.56826,37.67706],[-119.56779,37.67714],[-119.56715,37.67691],[-119.56691,37.67699],[-119.5668,37.6771]],"profile":[[0,7265],[0.015,7261],[0.031,7256],[0.046,7246],[0.062,7234],[0.077,7221],[0.093,7206],[0.108,7189],[0.123,7172],[0.139,7156],[0.154,7140],[0.17,7125],[0.185,7111],[0.201,7098],[0.216,7087],[0.231,7075],[0.247,7063],[0.262,7050],[0.278,7039],[0.293,7028],[0.309,7019],[0.324,7012],[0.339,7008],[0.355,7005],[0.37,7000],[0.386,6997],[0.401,6995],[0.417,6993],[0.432,6993],[0.447,6993],[0.463,6994],[0.478,6992],[0.494,6990],[0.509,6986],[0.524,6980],[0.54,6975],[0.555,6971],[0.571,6968],[0.586,6966],[0.602,6965],[0.617,6965],[0.632,6965],[0.648,6965],[0.663,6968],[0.679,6971],[0.694,6977],[0.71,6984],[0.725,6990],[0.74,6995],[0.756,6997],[0.771,6998],[0.787,6997],[0.802,6994],[0.818,6992],[0.833,6989],[0.848,6986],[0.864,6982],[0.879,6979],[0.895,6974],[0.91,6970],[0.926,6966],[0.941,6962],[0.956,6959],[0.972,6955],[0.987,6951],[1.003,6947],[1.018,6942],[1.034,6938],[1.049,6936],[1.064,6934],[1.08,6933],[1.095,6932],[1.111,6932],[1.126,6932],[1.142,6931],[1.157,6930],[1.172,6928],[1.188,6925],[1.203,6920],[1.219,6914],[1.234,6908],[1.25,6901],[1.265,6896],[1.28,6892],[1.296,6889],[1.311,6888],[1.327,6886],[1.342,6883],[1.357,6876],[1.373,6868],[1.388,6858],[1.404,6850],[1.419,6848],[1.435,6850],[1.45,6857],[1.465,6866],[1.481,6870],[1.496,6875]],"stats":{"gainFt":510,"lossFt":510,"minFt":6848,"maxFt":7265,"trailheadFt":7265,"maxGradePct":17,"highPointMi":0}}