{"v":1,"id":"olmsted-point","route":"out-and-back","source":{"geometry":"USGS National Map transportation data (NPS source); public domain","elevation":"USGS 3DEP via AWS Open Data terrain tiles"},"verified":{"distance":"match","gain":"match"},"lineMi":0.12,"fullMi":0.24,"line":[[-119.48524,37.8106],[-119.48502,37.81053],[-119.48466,37.80989],[-119.48487,37.80976],[-119.48517,37.8092]],"profile":[[0,8411],[0.015,8406],[0.03,8402],[0.045,8395],[0.06,8389],[0.075,8388],[0.09,8391],[0.105,8392],[0.12,8395]],"stats":{"gainFt":23,"lossFt":23,"minFt":8388,"maxFt":8411,"trailheadFt":8411,"maxGradePct":0,"highPointMi":0}}