{"v":1,"id":"sentinel-dome","route":"out-and-back","source":{"geometry":"USGS National Map transportation data (NPS source); public domain","elevation":"USGS 3DEP via AWS Open Data terrain tiles"},"verified":{"distance":"match","gain":"match"},"lineMi":1.07,"fullMi":2.14,"line":[[-119.58634,37.71255],[-119.58673,37.71279],[-119.58619,37.71323],[-119.58601,37.71357],[-119.58595,37.71375],[-119.58601,37.71414],[-119.58592,37.71437],[-119.58574,37.71459],[-119.58529,37.71463],[-119.58497,37.71477],[-119.58436,37.71544],[-119.58418,37.71579],[-119.58397,37.71654],[-119.58371,37.71686],[-119.58336,37.71714],[-119.58299,37.71787],[-119.5829,37.71847],[-119.58273,37.71865],[-119.58276,37.71882],[-119.58262,37.71913],[-119.58277,37.71928],[-119.58275,37.71971],[-119.58281,37.71984],[-119.58342,37.72032],[-119.58347,37.72054],[-119.58335,37.72082],[-119.58337,37.72121],[-119.58318,37.72191],[-119.58245,37.72244],[-119.58265,37.72293],[-119.5826,37.72344],[-119.5828,37.72416],[-119.58294,37.72436],[-119.5835,37.72419],[-119.5842,37.7233]],"profile":[[0,7724],[0.015,7721],[0.031,7718],[0.046,7710],[0.062,7702],[0.077,7696],[0.093,7694],[0.108,7696],[0.124,7702],[0.139,7710],[0.155,7718],[0.17,7723],[0.186,7721],[0.201,7711],[0.217,7704],[0.232,7701],[0.248,7700],[0.263,7703],[0.279,7711],[0.294,7720],[0.31,7724],[0.325,7726],[0.341,7729],[0.356,7735],[0.372,7741],[0.387,7746],[0.403,7752],[0.418,7757],[0.434,7761],[0.449,7762],[0.465,7761],[0.48,7760],[0.495,7761],[0.511,7762],[0.526,7769],[0.542,7779],[0.557,7790],[0.573,7801],[0.588,7814],[0.604,7825],[0.619,7837],[0.635,7846],[0.65,7853],[0.666,7857],[0.681,7861],[0.697,7864],[0.712,7868],[0.728,7872],[0.743,7878],[0.759,7881],[0.774,7885],[0.79,7889],[0.805,7893],[0.821,7897],[0.836,7905],[0.852,7915],[0.867,7925],[0.883,7936],[0.898,7945],[0.914,7955],[0.929,7964],[0.944,7975],[0.96,7989],[0.975,8007],[0.991,8024],[1.006,8041],[1.022,8059],[1.037,8076],[1.053,8083],[1.068,8092]],"stats":{"gainFt":474,"lossFt":474,"minFt":7694,"maxFt":8092,"trailheadFt":7724,"maxGradePct":15,"highPointMi":1.07}}