{"v":1,"id":"soda-springs-parsons-lodge","route":"out-and-back","source":{"geometry":"USGS National Map transportation data (NPS source); public domain","elevation":"USGS 3DEP via AWS Open Data terrain tiles"},"verified":{"distance":"match","gain":"match"},"lineMi":0.57,"fullMi":1.13,"line":[[-119.35133,37.87671],[-119.35306,37.87698],[-119.35312,37.87709],[-119.35602,37.87818],[-119.35744,37.87852],[-119.35833,37.87884],[-119.35967,37.87921],[-119.36099,37.87904]],"profile":[[0,8596],[0.015,8596],[0.031,8596],[0.046,8596],[0.061,8596],[0.076,8596],[0.092,8596],[0.107,8596],[0.122,8595],[0.138,8594],[0.153,8592],[0.168,8591],[0.183,8590],[0.199,8590],[0.214,8589],[0.229,8590],[0.245,8590],[0.26,8591],[0.275,8592],[0.29,8592],[0.306,8593],[0.321,8593],[0.336,8592],[0.352,8592],[0.367,8591],[0.382,8591],[0.397,8591],[0.413,8591],[0.428,8591],[0.443,8591],[0.459,8592],[0.474,8592],[0.489,8592],[0.504,8592],[0.52,8592],[0.535,8592],[0.55,8591],[0.566,8591]],"stats":{"gainFt":0,"lossFt":0,"minFt":8589,"maxFt":8596,"trailheadFt":8596,"maxGradePct":1,"highPointMi":0}}