{"v":1,"id":"taft-point","route":"out-and-back","source":{"geometry":"USGS National Map transportation data (NPS source); public domain","elevation":"USGS 3DEP via AWS Open Data terrain tiles"},"verified":{"distance":"match","gain":"match"},"lineMi":1.21,"fullMi":2.42,"line":[[-119.58634,37.71255],[-119.58673,37.71279],[-119.58689,37.71272],[-119.58719,37.71254],[-119.58728,37.71234],[-119.58763,37.71224],[-119.58795,37.71179],[-119.58835,37.71155],[-119.58956,37.71149],[-119.59096,37.71166],[-119.59153,37.71191],[-119.59182,37.71195],[-119.59249,37.71185],[-119.59328,37.71191],[-119.59383,37.71184],[-119.59453,37.71193],[-119.59495,37.71176],[-119.59508,37.71179],[-119.59528,37.71197],[-119.59567,37.712],[-119.59619,37.71187],[-119.59653,37.71157],[-119.59685,37.71143],[-119.59756,37.71156],[-119.59874,37.71163],[-119.5993,37.71148],[-119.59952,37.7115],[-119.60024,37.71107],[-119.6006,37.71104],[-119.60118,37.71125],[-119.60155,37.71113],[-119.60184,37.71125],[-119.60194,37.71143],[-119.60191,37.71164],[-119.6022,37.71196],[-119.60301,37.71217],[-119.60315,37.71242],[-119.60344,37.71264],[-119.60383,37.71263],[-119.60544,37.71284]],"profile":[[0,7724],[0.015,7720],[0.031,7717],[0.046,7709],[0.062,7701],[0.077,7693],[0.093,7684],[0.108,7676],[0.124,7668],[0.139,7659],[0.155,7656],[0.17,7660],[0.186,7666],[0.201,7673],[0.217,7682],[0.232,7685],[0.248,7682],[0.263,7678],[0.279,7678],[0.294,7683],[0.31,7693],[0.325,7704],[0.341,7714],[0.356,7721],[0.372,7724],[0.387,7722],[0.403,7721],[0.418,7720],[0.433,7721],[0.449,7721],[0.464,7721],[0.48,7721],[0.495,7722],[0.511,7724],[0.526,7726],[0.542,7729],[0.557,7729],[0.573,7725],[0.588,7720],[0.604,7713],[0.619,7706],[0.635,7699],[0.65,7693],[0.666,7687],[0.681,7683],[0.697,7680],[0.712,7679],[0.728,7677],[0.743,7675],[0.759,7673],[0.774,7668],[0.79,7661],[0.805,7654],[0.82,7648],[0.836,7645],[0.851,7644],[0.867,7643],[0.882,7641],[0.898,7636],[0.913,7628],[0.929,7617],[0.944,7606],[0.96,7593],[0.975,7578],[0.991,7562],[1.006,7547],[1.022,7533],[1.037,7521],[1.053,7513],[1.068,7505],[1.084,7499],[1.099,7495],[1.115,7492],[1.13,7493],[1.146,7496],[1.161,7499],[1.177,7502],[1.192,7504],[1.208,7504]],"stats":{"gainFt":390,"lossFt":390,"minFt":7492,"maxFt":7729,"trailheadFt":7724,"maxGradePct":12,"highPointMi":0.56}}