{"v":1,"id":"tuolumne-grove","route":"out-and-back","source":{"geometry":"USGS National Map transportation data (NPS source); public domain","elevation":"USGS 3DEP via AWS Open Data terrain tiles"},"verified":{"distance":"match","gain":"match"},"lineMi":1.22,"fullMi":2.45,"line":[[-119.80541,37.75819],[-119.80585,37.75833],[-119.80606,37.75848],[-119.80662,37.75975],[-119.80661,37.76009],[-119.80638,37.76077],[-119.80615,37.76086],[-119.8053,37.76097],[-119.80513,37.76119],[-119.8052,37.76137],[-119.80552,37.7616],[-119.80577,37.76198],[-119.80578,37.76294],[-119.80529,37.76441],[-119.80465,37.76536],[-119.80433,37.76561],[-119.80387,37.76614],[-119.80393,37.7662],[-119.80449,37.76618],[-119.80475,37.76633],[-119.80503,37.76629],[-119.80541,37.76608],[-119.80581,37.76571],[-119.80595,37.7653],[-119.80608,37.76517],[-119.80627,37.76514],[-119.80652,37.76533],[-119.80656,37.76556],[-119.80626,37.76595],[-119.80614,37.76664],[-119.8057,37.76701],[-119.80556,37.76741],[-119.80562,37.76751],[-119.80644,37.76812],[-119.80695,37.76866],[-119.80677,37.76874],[-119.8067,37.76865],[-119.80599,37.76863],[-119.80571,37.7685]],"profile":[[0,6173],[0.016,6174],[0.031,6176],[0.047,6178],[0.062,6182],[0.078,6187],[0.093,6195],[0.109,6203],[0.124,6210],[0.14,6218],[0.155,6224],[0.171,6225],[0.186,6225],[0.202,6224],[0.217,6221],[0.233,6216],[0.248,6208],[0.264,6199],[0.279,6188],[0.295,6174],[0.31,6162],[0.326,6152],[0.341,6140],[0.357,6131],[0.372,6122],[0.388,6114],[0.403,6108],[0.419,6102],[0.434,6095],[0.45,6087],[0.465,6080],[0.481,6071],[0.496,6062],[0.512,6054],[0.527,6045],[0.543,6035],[0.558,6026],[0.574,6017],[0.589,6013],[0.605,6014],[0.62,6017],[0.636,6023],[0.651,6028],[0.667,6027],[0.682,6021],[0.698,6008],[0.713,5991],[0.729,5975],[0.744,5959],[0.76,5944],[0.775,5932],[0.791,5925],[0.806,5921],[0.822,5916],[0.837,5909],[0.853,5902],[0.868,5893],[0.884,5885],[0.899,5879],[0.915,5875],[0.93,5873],[0.946,5871],[0.961,5870],[0.977,5866],[0.992,5864],[1.008,5861],[1.023,5855],[1.039,5845],[1.054,5834],[1.07,5819],[1.085,5803],[1.101,5788],[1.116,5771],[1.132,5761],[1.147,5760],[1.163,5767],[1.178,5779],[1.194,5797],[1.209,5807],[1.225,5815]],"stats":{"gainFt":600,"lossFt":600,"minFt":5760,"maxFt":6225,"trailheadFt":6173,"maxGradePct":12,"highPointMi":0.17}}